<?xml version="1.0" encoding="UTF-8" standalone="yes"?>
<manifest>
  <control namespace="DCEPCF" constructor="TimePicker" version="1.0.2" display-name-key="TimePicker v1.0.2" description-key="TimePicker displays the time part and supports quick values with a dropdown" control-type="standard" api-version="1.3.11">
    <external-service-usage enabled="false"/>
    <property name="boundField" display-name-key="Bound Field" description-key="The field that the component is bound to" of-type="DateAndTime.DateAndTime" usage="bound" required="true"/>
    <property name="dateAnchor" display-name-key="Date Anchor" description-key="The field that provide the date part for the control." of-type-group="datetime" usage="bound" required="false"/>
    <property name="placeholder" display-name-key="Placeholder" description-key="The text that shows when no value is selected." of-type="SingleLine.Text" usage="input" required="false"/>
    <property name="increment" display-name-key="Increment" description-key="Time increments, in minutes, of the options in the dropdown." of-type="Whole.None" usage="input" required="false"/>
    <property name="hourCycle12" display-name-key="Use 12-hour cycle" description-key="Whether to use 12-hour cycle. Default: No. Use 24-hour cycle" of-type="Enum" usage="input" required="false" default-value="0">
      <value name="false" display-name-key="No">0</value>
      <value name="true" display-name-key="Yes">1</value>
    </property>
    <property name="freeform" display-name-key="Freeform" description-key="If true, the TimePicker allows freeform user input, rather than restricting to the default increments. The input will still be restricted to valid time values. Default: No." of-type="Enum" usage="input" required="false" default-value="0">
      <value name="false" display-name-key="No">0</value>
      <value name="true" display-name-key="Yes">1</value>
    </property>
    <property name="startHour" display-name-key="Start Hour" description-key="Start hour (inclusive) for the time range, 0-23" of-type="Whole.None" usage="input" required="false"/>
    <property name="endHour" display-name-key="End Hour" description-key="End hour (exclusive) for the time range, 1-24" of-type="Whole.None" usage="input" required="false"/>
    <type-group name="datetime">
      <type>DateAndTime.DateAndTime</type>
      <type>DateAndTime.DateOnly</type>
    </type-group>
    <resources>
      <code path="bundle.js" order="1"/>
    </resources>
    <built-by name="pac" version="1.31.2"/>
  </control>
</manifest>