<?xml version="1.0" encoding="UTF-8" standalone="yes"?>
<manifest>
  <control namespace="DCEPCF" constructor="PolyLookup" version="1.7.1" display-name-key="PolyLookup v1.7.1" description-key="Multi-select lookup supporting different type of many-to-many relationships" control-type="standard" api-version="1.3.14">
    <external-service-usage enabled="false"/>
    <property name="boundField" display-name-key="Bound Field" description-key="The field that the component is bound to" of-type-group="text" usage="bound" required="true"/>
    <property name="relationshipType" display-name-key="Relationship Type" description-key="Relationship type between tables: Many To Many, Custom N:N, Connection" of-type="Enum" usage="input" required="true">
      <value name="nton" display-name-key="Many To Many">0</value>
      <value name="custom" display-name-key="Custom N:1-1:N">1</value>
      <value name="connection" display-name-key="Connection">2</value>
    </property>
    <property name="relationship" display-name-key="Relationship Name" description-key="- N-N: The relationship name to the associated table&#xA;- Custom N-N: The relationship name from the current table to the intermediate table&#xA;- Connection: Connected From relationship name" of-type="SingleLine.Text" usage="input" required="true"/>
    <property name="relationship2" display-name-key="Relationship 2 Name" description-key="- N-N: Not applicable&#xA;- Custom N-N: The relationship name from the intermediate table to the associated table&#xA;- Connection: Connected To relationship name" of-type="SingleLine.Text" usage="input" required="false"/>
    <property name="outputSelected" display-name-key="Should Output Selected Text" description-key="Whether output selected records as text to the Bound Field" of-type="Enum" usage="input" required="true" default-value="0">
      <value name="false" display-name-key="No">0</value>
      <value name="true" display-name-key="Yes">1</value>
    </property>
    <property name="outputField" display-name-key="Output Selected Field" description-key="The field to output the selected records as a JSON array. Can be the same as bound field" of-type-group="text" usage="bound" required="false"/>
    <property name="lookupView" display-name-key="Lookup View" description-key="Lookup View configuration. Value can be a static text or bound to a field on the form, the value can be: 1 - a FetchXML, 2 - a OData URL to a column of a record containing a FetchXML, 3 - An environment variable logical name containing a FetchXML, 4 - System View name" of-type-group="text" usage="input" required="false"/>
    <property name="itemLimit" display-name-key="Item Limit" description-key="Maximum number of selected items" of-type="Whole.None" usage="input" required="false"/>
    <property name="showIcon" display-name-key="Show Icon" description-key="Whether to show an icon in option item. Default: None." of-type="Enum" usage="input" required="false" default-value="0">
      <value name="none" display-name-key="None">0</value>
      <value name="entityIcon" display-name-key="Use Entity Icon">1</value>
      <value name="recordImage" display-name-key="Use Record Image">2</value>
    </property>
    <property name="allowQuickCreate" display-name-key="Allow Quick Create" description-key="Enable/disable the create button to quickly create a new option" of-type="Enum" usage="input" required="false" default-value="0">
      <value name="false" display-name-key="No">0</value>
      <value name="true" display-name-key="Yes">1</value>
    </property>
    <property name="tagAction" display-name-key="Tag Action" description-key="Perform an action when a tag is clicked. Default: None" of-type="Enum" usage="input" required="false" default-value="0">
      <value name="none" display-name-key="None">0</value>
      <value name="open-inline" display-name-key="Open Inline">1</value>
      <value name="open-dialog" display-name-key="Open Dialog">2</value>
      <value name="open-inline-intersect" display-name-key="Open Inline (Intersect relationship)">3</value>
      <value name="open-dialog-intersect" display-name-key="Open Dialog (Intersect relationship)">4</value>
    </property>
    <property name="selectedItemTemplate" display-name-key="Selected Option Display Template" description-key="Dynamic template to display selected option text. Default to the first column in the lookup view if not provided." of-type="SingleLine.Text" usage="input" required="false"/>
    <property name="showOptionDetails" display-name-key="Show Option Details" description-key="Option to show more details in suggestion list. Default: Collapsed." of-type="Enum" usage="input" required="false" default-value="0">
      <value name="collapsed" display-name-key="Collapsed">0</value>
      <value name="expanded" display-name-key="Expanded">1</value>
      <value name="tooltip" display-name-key="Tooltip">2</value>
    </property>
    <property name="languagePackPath" display-name-key="Language Pack Path" description-key="Path to a resx web resource, relative to the environment url (eg. /webresources/new_/resx/PolyLookup.1033.resx), to be used as Language Pack. Default to English if not provided." of-type="SingleLine.Text" usage="input" required="false"/>
    <type-group name="text">
      <type>SingleLine.Text</type>
      <type>SingleLine.TextArea</type>
      <type>Multiple</type>
    </type-group>
    <resources>
      <code path="bundle.js" order="1"/>
      <resx path="strings/PolyLookup.1033.resx" version="1.0.0"/>
    </resources>
    <built-by name="pac" version="1.33.3"/>
  </control>
</manifest>